"Body","Head","Head_Coverage","Std_Confidence","PCA_Confidence","Positive_Examples","Body_size","PCA_Body_size","Functional_variable"
"?b  <successor>  ?a   ","?a  <predecessor>  ?b","0.997877","0.997877","1","470","471","470","?b"
"?b  <predecessor>  ?a   ","?a  <successor>  ?b","0.997877","0.997877","1","470","471","470","?a"
"?a  <gender>  <female>   ","?a  <type>  <Person>","0.183618","0.866242","1","408","471","408","?a"
"?a  <gender>  <male>   ","?a  <type>  <Person>","0.235824","0.906574","1","524","578","524","?a"
"?a  <father>  ?b   ","?a  <parent>  ?b","0.531073","1","1","658","658","658","?b"
"?a  <mother>  ?b   ","?a  <parent>  ?b","0.430993","1","1","534","534","534","?b"
"?d  <father>  ?a  ?a  <successor>  ?d   ","?a  <gender>  <male>","0.159199","1","1","167","167","167","?a"
"?c  <father>  ?a  ?c  <parent>  ?a   ","?a  <gender>  <male>","0.515729","1","1","541","541","541","?a"
"?c  <father>  ?a  ?c  <predecessor>  ?a   ","?a  <gender>  <male>","0.159199","1","1","167","167","167","?a"
"?c  <father>  ?a  ?c  <gender>  <female>   ","?a  <gender>  <male>","0.22307","1","1","234","234","234","?a"
"?c  <father>  ?a  ?c  <type>  <Person>   ","?a  <gender>  <male>","0.469971","1","1","493","493","493","?a"
"?d  <mother>  ?a  ?a  <successor>  ?d   ","?a  <gender>  <female>","0.0181125","1","1","19","19","19","?a"
"?a  <child>  ?c  ?c  <father>  ?a   ","?a  <gender>  <male>","0.20591","1","1","216","216","216","?a"
"?a  <child>  ?d  ?d  <mother>  ?a   ","?a  <gender>  <female>","0.168732","1","1","177","177","177","?a"
"?c  <mother>  ?a  ?c  <predecessor>  ?a   ","?a  <gender>  <female>","0.0181125","1","1","19","19","19","?a"
"?c  <mother>  ?a  ?c  <parent>  ?a   ","?a  <gender>  <female>","0.414681","1","1","435","435","435","?a"
"?c  <mother>  ?a  ?c  <type>  <Person>   ","?a  <gender>  <female>","0.379409","1","1","398","398","398","?a"
"?c  <gender>  <male>  ?c  <mother>  ?a   ","?a  <gender>  <female>","0.262154","1","1","275","275","275","?a"
"?f  <name>  ?b  ?a  <name>  ?f   ","?a  <name>  ?b","0.0110759","1","1","7","7","7","?a"
"?b  <gender>  <female>  ?a  <parent>  ?b   ","?a  <mother>  ?b","1","0.994413","1","534","537","534","?a"
"?a  <father>  ?d  ?d  <successor>  ?a   ","?a  <type>  <Person>","0.0706571","0.923529","1","157","170","157","?a"
"?a  <father>  ?d  ?a  <predecessor>  ?d   ","?a  <type>  <Person>","0.0706571","0.923529","1","157","170","157","?a"
"?a  <father>  ?d  ?a  <parent>  ?d   ","?a  <type>  <Person>","0.263276","0.889058","1","585","658","585","?a"
"?d  <child>  ?a  ?a  <father>  ?d   ","?a  <type>  <Person>","0.121962","0.897351","1","271","302","271","?a"
"?e  <name>  ?a  ?e  <name>  ?b   ","?a  <name>  ?b","0.0110759","0.0121107","1","7","578","7","?a"
"?a  <father>  ?d  ?d  <gender>  <male>   ","?a  <type>  <Person>","0.263276","0.889058","1","585","658","585","?a"
"?d  <child>  ?a  ?a  <mother>  ?d   ","?a  <type>  <Person>","0.10036","0.899194","1","223","248","223","?a"
"?a  <parent>  ?d  ?a  <predecessor>  ?d   ","?a  <type>  <Person>","0.0760576","0.923497","1","169","183","169","?a"
"?a  <parent>  ?d  ?d  <successor>  ?a   ","?a  <type>  <Person>","0.0760576","0.923497","1","169","183","169","?a"
"?d  <gender>  <female>  ?a  <parent>  ?d   ","?a  <type>  <Person>","0.216022","0.893855","1","480","537","480","?a"
"?d  <gender>  <male>  ?a  <parent>  ?d   ","?a  <type>  <Person>","0.265077","0.889728","1","589","662","589","?a"
"?d  <parent>  ?a  ?a  <successor>  ?d   ","?a  <type>  <Person>","0.0787579","0.91623","1","175","191","175","?a"
"?d  <gender>  <female>  ?a  <mother>  ?d   ","?a  <type>  <Person>","0.214671","0.893258","1","477","534","477","?a"
"?a  <mother>  ?d  ?a  <parent>  ?d   ","?a  <type>  <Person>","0.214671","0.893258","1","477","534","477","?a"
"?d  <predecessor>  ?a  ?a  <successor>  ?d   ","?a  <type>  <Person>","0.167867","0.939547","1","373","397","373","?a"
"?d  <father>  ?a  ?a  <successor>  ?d   ","?a  <type>  <Person>","0.0684068","0.91018","1","152","167","152","?a"
"?a  <child>  ?d  ?d  <gender>  <female>   ","?a  <type>  <Person>","0.0936094","0.900433","1","208","231","208","?a"
"?a  <child>  ?d  ?d  <mother>  ?a   ","?a  <type>  <Person>","0.0711071","0.892655","1","158","177","158","?a"
"?a  <child>  ?d  ?d  <gender>  <male>   ","?a  <type>  <Person>","0.112961","0.90942","1","251","276","251","?a"
"?a  <child>  ?d  ?a  <successor>  ?d   ","?a  <type>  <Person>","0.0787579","0.925926","1","175","189","175","?a"
"?a  <child>  ?d  ?d  <father>  ?a   ","?a  <type>  <Person>","0.0886589","0.912037","1","197","216","197","?a"
"?d  <child>  ?a  ?a  <parent>  ?d   ","?a  <type>  <Person>","0.161116","0.897243","1","358","399","358","?a"
"?a  <child>  ?d  ?d  <predecessor>  ?a   ","?a  <type>  <Person>","0.0787579","0.925926","1","175","189","175","?a"
"?d  <child>  ?a  ?a  <predecessor>  ?d   ","?a  <type>  <Person>","0.0841584","0.935","1","187","200","187","?a"
"?d  <gender>  <male>  ?a  <successor>  ?d   ","?a  <type>  <Person>","0.124212","0.929293","1","276","297","276","?a"
"?a  <predecessor>  ?d  ?d  <successor>  ?a   ","?a  <type>  <Person>","0.157516","0.938338","1","350","373","350","?a"
"?d  <gender>  <male>  ?a  <predecessor>  ?d   ","?a  <type>  <Person>","0.125113","0.939189","1","278","296","278","?a"
"?d  <gender>  <female>  ?a  <predecessor>  ?d   ","?a  <type>  <Person>","0.0180018","0.930233","1","40","43","40","?a"
"?c  <father>  ?a  ?c  <predecessor>  ?a   ","?a  <type>  <Person>","0.0684068","0.91018","1","152","167","152","?a"
"?c  <father>  ?a  ?c  <gender>  <female>   ","?a  <type>  <Person>","0.0954095","0.905983","1","212","234","212","?a"
"?c  <gender>  <female>  ?c  <mother>  ?a   ","?a  <type>  <Person>","0.080108","0.868293","1","178","205","178","?a"
"?c  <father>  ?a  ?c  <parent>  ?a   ","?a  <type>  <Person>","0.220072","0.903882","1","489","541","489","?a"
"?c  <gender>  <male>  ?c  <mother>  ?a   ","?a  <type>  <Person>","0.110261","0.890909","1","245","275","245","?a"
"?c  <child>  ?a  ?c  <parent>  <Maria_Theresa>   ","?a  <type>  <Person>","0.0166517","0.925","1","37","40","37","?a"
"?c  <mother>  ?a  ?c  <parent>  ?a   ","?a  <type>  <Person>","0.171917","0.878161","1","382","435","382","?a"
"?c  <child>  ?a  ?c  <parent>  <Francis_I,_Holy_Roman_Emperor>   ","?a  <type>  <Person>","0.0166517","0.925","1","37","40","37","?a"
"?c  <child>  ?a  ?c  <parent>  <Maria_Amalia_of_Saxony>   ","?a  <type>  <Person>","0.0121512","0.931035","1","27","29","27","?a"
"?d  <gender>  <female>  ?a  <successor>  ?d   ","?a  <type>  <Person>","0.0175518","1","1","39","39","39","?a"
"?c  <child>  ?a  ?c  <father>  <Charles_III_of_Spain>   ","?a  <type>  <Person>","0.0121512","0.931035","1","27","29","27","?a"
"?c  <child>  ?a  ?c  <mother>  <Maria_Amalia_of_Saxony>   ","?a  <type>  <Person>","0.0121512","0.931035","1","27","29","27","?a"
"?c  <child>  ?a  ?c  <name>  <Robert II>   ","?a  <type>  <Person>","0.010351","1","1","23","23","23","?a"
"?d  <gender>  <female>  ?a  <spouse>  ?d   ","?a  <type>  <Person>","0.190819","0.935982","1","424","453","424","?a"
"?c  <child>  ?a  ?c  <name>  <Francis I>   ","?a  <type>  <Person>","0.010351","0.958333","1","23","24","23","?a"
"?d  <spouse>  ?a  ?a  <spouse>  ?d   ","?a  <type>  <Person>","0.447345","0.971652","1","994","1023","994","?a"
"?c  <father>  ?a  ?c  <gender>  <male>   ","?a  <type>  <Person>","0.146265","0.89779","1","325","362","325","?a"
"?a  <child>  ?d  ?d  <parent>  ?a   ","?a  <type>  <Person>","0.160666","0.903797","1","357","395","357","?a"
"?c  <child>  ?a  ?c  <gender>  <female>   ","?a  <type>  <Person>","0.349235","0.885845","1","776","876","776","?a"
"?c  <child>  ?a  ?c  <gender>  <male>   ","?a  <type>  <Person>","0.393789","0.860374","1","875","1017","875","?a"
"?c  <gender>  <female>  ?c  <predecessor>  ?a   ","?a  <type>  <Person>","0.0175518","1","1","39","39","39","?a"
"?c  <gender>  <male>  ?c  <predecessor>  ?a   ","?a  <type>  <Person>","0.124212","0.929293","1","276","297","276","?a"
"?c  <gender>  <female>  ?c  <parent>  ?a   ","?a  <type>  <Person>","0.183168","0.88671","1","407","459","407","?a"
"?c  <gender>  <female>  ?c  <spouse>  ?a   ","?a  <type>  <Person>","0.191719","0.946667","1","426","450","426","?a"
"?c  <child>  ?a  ?c  <parent>  <Charles_III_of_Spain>   ","?a  <type>  <Person>","0.0121512","0.931035","1","27","29","27","?a"
"?c  <child>  ?a  ?c  <name>  <Ferdinand I>   ","?a  <type>  <Person>","0.0139514","0.911765","1","31","34","31","?a"
"?c  <child>  ?a  ?c  <successor>  ?a   ","?a  <type>  <Person>","0.0841584","0.935","1","187","200","187","?a"
"?c  <gender>  <male>  ?c  <parent>  ?a   ","?a  <type>  <Person>","0.266877","0.898485","1","593","660","593","?a"
"?c  <gender>  <male>  ?c  <spouse>  ?a   ","?a  <type>  <Person>","0.230423","0.917563","1","512","558","512","?a"
"?c  <parent>  ?a  ?c  <predecessor>  ?a   ","?a  <type>  <Person>","0.0787579","0.91623","1","175","191","175","?a"
"?c  <gender>  <female>  ?c  <successor>  ?a   ","?a  <type>  <Person>","0.0180018","0.930233","1","40","43","40","?a"
"?c  <gender>  <male>  ?c  <successor>  ?a   ","?a  <type>  <Person>","0.125113","0.939189","1","278","296","278","?a"
"?d  <gender>  <male>  ?a  <spouse>  ?d   ","?a  <type>  <Person>","0.222772","0.933962","1","495","530","495","?a"
"?c  <child>  ?a  ?c  <father>  <Francis_I,_Holy_Roman_Emperor>   ","?a  <type>  <Person>","0.0166517","0.925","1","37","40","37","?a"
"?b  <child>  ?a  ?b  <name>  <Ferdinand I>   ","?a  <father>  ?b","0.0121581","0.235294","1","8","34","8","?a"
"?b  <child>  ?a  ?b  <name>  <John II>   ","?a  <father>  ?b","0.0121581","0.4","1","8","20","8","?a"
"?b  <child>  ?a  ?b  <name>  <Henry II>   ","?a  <father>  ?b","0.0121581","0.4","1","8","20","8","?a"
"?b  <child>  ?a  ?b  <name>  <Robert II>   ","?a  <father>  ?b","0.0121581","0.347826","1","8","23","8","?a"
"?b  <parent>  <Philip_III_of_France>  ?a  <parent>  ?b   ","?a  <father>  ?b","0.0121581","0.888889","1","8","9","8","?a"
"?b  <child>  ?a  ?b  <name>  <Louis>   ","?a  <father>  ?b","0.0197568","0.52","1","13","25","13","?a"
"?b  <name>  <Louis>  ?a  <parent>  ?b   ","?a  <father>  ?b","0.0197568","1","1","13","13","13","?a"
"?b  <name>  <Henry II>  ?a  <parent>  ?b   ","?a  <father>  ?b","0.0167173","1","1","11","11","11","?a"
"?b  <name>  <Robert II>  ?a  <parent>  ?b   ","?a  <father>  ?b","0.0121581","1","1","8","8","8","?a"
"?b  <name>  <Ferdinand I>  ?a  <parent>  ?b   ","?a  <father>  ?b","0.0121581","1","1","8","8","8","?a"
"<Philip_III_of_France>  <child>  ?b  ?a  <parent>  ?b   ","?a  <father>  ?b","0.0121581","0.888889","1","8","9","8","?a"
"?b  <name>  <John II>  ?a  <parent>  ?b   ","?a  <father>  ?b","0.0136778","0.9","1","9","10","9","?a"
"?a  <predecessor>  ?f  ?f  <type>  ?b   ","?a  <type>  ?b","0.155266","0.977337","1","345","353","345","?a"
"?a  <successor>  ?f  ?f  <type>  ?b   ","?a  <type>  ?b","0.165617","0.970976","1","368","379","368","?a"
"?e  <father>  ?a  ?e  <type>  ?b   ","?a  <type>  ?b","0.212421","0.957404","1","472","493","472","?a"
"?e  <predecessor>  ?a  ?e  <type>  ?b   ","?a  <type>  ?b","0.165617","0.970976","1","368","379","368","?a"
"?a  <child>  ?f  ?f  <type>  ?b   ","?a  <type>  ?b","0.170567","0.913253","1","379","415","379","?a"
"?e  <mother>  ?a  ?e  <type>  ?b   ","?a  <type>  ?b","0.160216","0.894472","1","356","398","356","?a"
"?e  <parent>  ?a  ?e  <type>  ?b   ","?a  <type>  ?b","0.388839","0.930032","1","864","929","864","?a"
"?e  <spouse>  ?a  ?e  <type>  ?b   ","?a  <type>  ?b","0.447345","0.95302","1","994","1043","994","?a"
"?a  <spouse>  ?e  ?e  <type>  ?b   ","?a  <type>  ?b","0.447345","0.951196","1","994","1045","994","?a"
"?e  <successor>  ?a  ?e  <type>  ?b   ","?a  <type>  ?b","0.155266","0.977337","1","345","353","345","?a"
"?a  <parent>  ?e  ?e  <type>  ?b   ","?a  <type>  ?b","0.269577","0.918712","1","599","652","599","?a"
"?a  <father>  ?e  ?e  <type>  ?b   ","?a  <type>  ?b","0.253375","0.943049","1","563","597","563","?a"
"?a  <mother>  ?e  ?e  <type>  ?b   ","?a  <type>  ?b","0.19577","0.915789","1","435","475","435","?a"
"?e  <child>  ?a  ?e  <type>  ?b   ","?a  <type>  ?b","0.520702","0.893436","1","1157","1295","1157","?a"
"?b  <gender>  <male>  ?a  <parent>  ?b   ","?a  <father>  ?b","1","0.992459","0.998483","658","663","659","?a"
"?b  <spouse>  ?a  ?a  <type>  <Person>   ","?a  <spouse>  ?b","0.916987","0.969919","0.994167","1193","1230","1200","?b"
"?b  <child>  ?a  ?b  <gender>  <male>   ","?a  <father>  ?b","0.458967","0.296369","0.993421","302","1019","304","?a"
"?b  <child>  ?a  ?b  <gender>  <female>   ","?a  <mother>  ?b","0.464419","0.282782","0.992","248","877","250","?a"
"?d  <gender>  <female>  ?a  <spouse>  ?d   ","?a  <gender>  <male>","0.371783","0.860927","0.989848","390","453","394","?a"
"?c  <gender>  <female>  ?c  <spouse>  ?a   ","?a  <gender>  <male>","0.361296","0.842222","0.989556","379","450","383","?a"
"?a  <gender>  <male>  ?b  <spouse>  ?a   ","?a  <spouse>  ?b","0.403536","0.958029","0.984991","525","548","533","?b"
"?b  <spouse>  ?a  ?b  <type>  <Person>   ","?a  <spouse>  ?b","0.916987","0.977068","0.977068","1193","1221","1221","?b"
"?c  <gender>  <male>  ?c  <spouse>  ?a   ","?a  <gender>  <female>","0.393708","0.740143","0.976359","413","558","423","?a"
"?d  <gender>  <male>  ?a  <spouse>  ?d   ","?a  <gender>  <female>","0.380362","0.75283","0.97555","399","530","409","?a"
"?a  <gender>  <female>  ?b  <spouse>  ?a   ","?a  <spouse>  ?b","0.352806","0.931035","0.972458","459","493","472","?b"
"?b  <spouse>  ?a   ","?a  <spouse>  ?b","0.939277","0.939277","0.972156","1222","1301","1257","?b"
"?e  <father>  ?a  ?e  <mother>  ?b   ","?a  <spouse>  ?b","0.286703","0.871495","0.968831","373","428","385","?b"
"?a  <mother>  ?f  ?b  <spouse>  ?f   ","?a  <parent>  ?b","0.380145","0.832155","0.951515","471","566","495","?b"
"?a  <mother>  ?f  ?f  <spouse>  ?b   ","?a  <parent>  ?b","0.37046","0.818182","0.950311","459","561","483","?b"
"?e  <father>  ?b  ?e  <mother>  ?a   ","?a  <spouse>  ?b","0.278248","0.845794","0.950131","362","428","381","?b"
"?b  <father>  ?a  ?b  <predecessor>  ?a   ","?a  <child>  ?b","0.0690564","0.770588","0.935714","131","170","140","?b"
"?b  <father>  ?a  ?a  <successor>  ?b   ","?a  <child>  ?b","0.0690564","0.770588","0.935714","131","170","140","?b"
"?b  <father>  ?a  ?b  <gender>  <male>   ","?a  <child>  ?b","0.11281","0.537688","0.930435","214","398","230","?b"
"?d  <child>  ?a  ?a  <predecessor>  ?d   ","?a  <gender>  <male>","0.126787","0.665","0.93007","133","200","143","?a"
"?c  <child>  ?a  ?c  <successor>  ?a   ","?a  <gender>  <male>","0.126787","0.665","0.93007","133","200","143","?a"
"?b  <child>  ?a  ?a  <predecessor>  ?b   ","?a  <father>  ?b","0.199088","0.639024","0.929078","131","205","141","?a"
"?b  <child>  ?a  ?b  <successor>  ?a   ","?a  <father>  ?b","0.199088","0.639024","0.929078","131","205","141","?a"
"?a  <parent>  ?f  ?b  <spouse>  ?f   ","?a  <parent>  ?b","0.763519","0.753785","0.923828","946","1255","1024","?b"
"?a  <father>  ?d  ?d  <successor>  ?a   ","?a  <gender>  <male>","0.149666","0.923529","0.923529","157","170","170","?a"
"?a  <father>  ?d  ?a  <predecessor>  ?d   ","?a  <gender>  <male>","0.149666","0.923529","0.923529","157","170","170","?a"
"?a  <parent>  ?f  ?f  <spouse>  ?b   ","?a  <parent>  ?b","0.763519","0.73964","0.922027","946","1279","1026","?b"
"?b  <gender>  <female>  ?b  <mother>  ?a   ","?a  <child>  ?b","0.0785451","0.656388","0.91411","149","227","163","?b"
"?b  <child>  ?a  ?a  <gender>  <male>   ","?a  <parent>  ?b","0.25343","0.907514","0.907514","314","346","346","?b"
"?a  <child>  ?d  ?a  <successor>  ?d   ","?a  <gender>  <male>","0.163012","0.904762","0.904762","171","189","189","?a"
"?a  <child>  ?c  ?c  <predecessor>  ?a   ","?a  <gender>  <male>","0.163012","0.904762","0.904762","171","189","189","?a"
"?b  <parent>  ?a  ?b  <predecessor>  ?a   ","?a  <child>  ?b","0.0753822","0.733333","0.899371","143","195","159","?b"
"?b  <parent>  ?a  ?a  <successor>  ?b   ","?a  <child>  ?b","0.0753822","0.733333","0.899371","143","195","159","?b"
"?a  <parent>  ?d  ?a  <predecessor>  ?d   ","?a  <gender>  <male>","0.156339","0.896175","0.896175","164","183","183","?a"
"?a  <parent>  ?d  ?d  <successor>  ?a   ","?a  <gender>  <male>","0.156339","0.896175","0.896175","164","183","183","?a"
"?a  <parent>  ?b  ?b  <successor>  ?a   ","?a  <father>  ?b","0.258359","0.871795","0.894737","170","195","190","?a"
"?a  <parent>  ?b  ?a  <predecessor>  ?b   ","?a  <father>  ?b","0.258359","0.871795","0.894737","170","195","190","?a"
"?d  <parent>  ?a  ?a  <successor>  ?d   ","?a  <gender>  <male>","0.160153","0.879581","0.893617","168","191","188","?a"
"?c  <parent>  ?a  ?c  <predecessor>  ?a   ","?a  <gender>  <male>","0.160153","0.879581","0.893617","168","191","188","?a"
"?a  <father>  ?f  ?f  <spouse>  ?b   ","?a  <parent>  ?b","0.383374","0.672805","0.889513","475","706","534","?b"
"?a  <father>  ?f  ?b  <spouse>  ?f   ","?a  <parent>  ?b","0.372881","0.682422","0.888462","462","677","520","?b"
"?a  <predecessor>  ?d  ?d  <successor>  ?a   ","?a  <gender>  <male>","0.236416","0.664879","0.885714","248","373","280","?a"
"?a  <successor>  ?d  ?d  <type>  <Person>   ","?a  <gender>  <male>","0.244995","0.6781","0.883161","257","379","291","?a"
"?c  <predecessor>  ?a  ?c  <type>  <Person>   ","?a  <gender>  <male>","0.244995","0.6781","0.883161","257","379","291","?a"
"?d  <predecessor>  ?a  ?a  <successor>  ?d   ","?a  <gender>  <male>","0.257388","0.680101","0.882353","270","397","306","?a"
"?a  <predecessor>  ?d  ?d  <type>  <Person>   ","?a  <gender>  <male>","0.222116","0.660057","0.879245","233","353","265","?a"
"?c  <successor>  ?a  ?c  <type>  <Person>   ","?a  <gender>  <male>","0.222116","0.660057","0.879245","233","353","265","?a"
"?e  <gender>  ?b  ?e  <successor>  ?a   ","?a  <gender>  ?b","0.198284","0.613569","0.852459","208","339","244","?a"
"?f  <gender>  ?b  ?a  <predecessor>  ?f   ","?a  <gender>  ?b","0.198284","0.613569","0.852459","208","339","244","?a"
"?e  <gender>  ?b  ?e  <predecessor>  ?a   ","?a  <gender>  ?b","0.197331","0.616071","0.851852","207","336","243","?a"
"?f  <gender>  ?b  ?a  <successor>  ?f   ","?a  <gender>  ?b","0.197331","0.616071","0.851852","207","336","243","?a"
"?b  <successor>  <Jacques-Charles_Dupont_de_l'Eure>  <Prince_Philippe,_Count_of_Paris>  <successor>  ?a   ","?a  <predecessor>  ?b","0.0106157","0.833333","0.833333","5","6","6","?b"
"?b  <successor>  <French_Revolution_of_1848>  <Prince_Philippe,_Count_of_Paris>  <successor>  ?a   ","?a  <predecessor>  ?b","0.0106157","0.833333","0.833333","5","6","6","?b"
"<Prince_Philippe,_Count_of_Paris>  <successor>  ?a  <Henri,_Count_of_Chambord>  <successor>  ?b   ","?a  <predecessor>  ?b","0.0106157","0.833333","0.833333","5","6","6","?b"
"?b  <predecessor>  <Prince_Philippe,_Count_of_Paris>  <French_Revolution_of_1848>  <predecessor>  ?a   ","?a  <successor>  ?b","0.0106157","0.833333","0.833333","5","6","6","?a"
"?a  <predecessor>  <Henri,_Count_of_Chambord>  ?b  <predecessor>  <Prince_Philippe,_Count_of_Paris>   ","?a  <successor>  ?b","0.0106157","0.833333","0.833333","5","6","6","?a"
"?b  <predecessor>  <Prince_Philippe,_Count_of_Paris>  <Jacques-Charles_Dupont_de_l'Eure>  <predecessor>  ?a   ","?a  <successor>  ?b","0.0106157","0.833333","0.833333","5","6","6","?a"
"?a  <mother>  ?f  ?b  <spouse>  ?f   ","?a  <father>  ?b","0.712766","0.828622","0.833037","469","566","563","?a"
"?a  <mother>  ?f  ?f  <spouse>  ?b   ","?a  <father>  ?b","0.693009","0.812834","0.818671","456","561","557","?a"
"?b  <child>  ?a  ?a  <gender>  <female>   ","?a  <parent>  ?b","0.194512","0.811448","0.816949","241","297","295","?b"
"?a  <gender>  <male>  ?b  <successor>  ?a   ","?a  <parent>  ?b","0.139629","0.525836","0.782805","173","329","221","?b"
"?a  <gender>  <male>  ?a  <predecessor>  ?b   ","?a  <parent>  ?b","0.139629","0.525836","0.782805","173","329","221","?b"
"?b  <father>  ?a  ?b  <type>  <Person>   ","?a  <child>  ?b","0.142857","0.463248","0.767705","271","585","353","?b"
"?b  <father>  ?a   ","?a  <child>  ?b","0.159199","0.458967","0.766497","302","658","394","?b"
"?a  <gender>  <male>  ?b  <parent>  ?a   ","?a  <child>  ?b","0.160253","0.458522","0.761905","304","663","399","?b"
"?b  <gender>  <male>  ?b  <successor>  ?a   ","?a  <father>  ?b","0.258359","0.513595","0.73913","170","331","230","?a"
"?b  <gender>  <male>  ?a  <predecessor>  ?b   ","?a  <father>  ?b","0.258359","0.513595","0.73913","170","331","230","?a"
"?b  <gender>  <female>  ?b  <successor>  ?a   ","?a  <mother>  ?b","0.0355805","0.431818","0.730769","19","44","26","?a"
"?b  <gender>  <female>  ?a  <predecessor>  ?b   ","?a  <mother>  ?b","0.0355805","0.431818","0.730769","19","44","26","?a"
"?a  <gender>  <male>  ?b  <predecessor>  ?a   ","?a  <child>  ?b","0.0985767","0.564955","0.722008","187","331","259","?b"
"?a  <gender>  <male>  ?a  <successor>  ?b   ","?a  <child>  ?b","0.0985767","0.564955","0.722008","187","331","259","?b"
"?b  <gender>  <female>  ?b  <parent>  ?a   ","?a  <child>  ?b","0.127043","0.475345","0.721557","241","507","334","?b"
"?b  <parent>  ?a  ?a  <type>  <Person>   ","?a  <child>  ?b","0.268318","0.456093","0.720963","509","1116","706","?b"
"?b  <child>  ?a  ?b  <successor>  ?a   ","?a  <parent>  ?b","0.115416","0.697561","0.715","143","205","200","?b"
"?b  <child>  ?a  ?a  <predecessor>  ?b   ","?a  <parent>  ?b","0.115416","0.697561","0.715","143","205","200","?b"
"?b  <parent>  ?a  ?b  <type>  <Person>   ","?a  <child>  ?b","0.263047","0.451175","0.713877","499","1106","699","?b"
"?b  <parent>  ?a   ","?a  <child>  ?b","0.292567","0.447942","0.713368","555","1239","778","?b"
"?d  <child>  ?a  ?a  <father>  ?d   ","?a  <gender>  <male>","0.204004","0.708609","0.708609","214","302","302","?a"
"?b  <successor>  <Jacques-Charles_Dupont_de_l'Eure>  <Louis_Philippe_I>  <successor>  ?a   ","?a  <predecessor>  ?b","0.014862","0.7","0.7","7","10","10","?b"
"?b  <successor>  <French_Revolution_of_1848>  <Louis_Philippe_I>  <successor>  ?a   ","?a  <predecessor>  ?b","0.014862","0.7","0.7","7","10","10","?b"
"<Louis_Philippe_I>  <successor>  ?a  <Henri,_Count_of_Chambord>  <successor>  ?b   ","?a  <predecessor>  ?b","0.014862","0.7","0.7","7","10","10","?b"
"?a  <predecessor>  <Henri,_Count_of_Chambord>  ?b  <predecessor>  <Louis_Philippe_I>   ","?a  <successor>  ?b","0.014862","0.7","0.7","7","10","10","?a"
"?b  <predecessor>  <Louis_Philippe_I>  <Jacques-Charles_Dupont_de_l'Eure>  <predecessor>  ?a   ","?a  <successor>  ?b","0.014862","0.7","0.7","7","10","10","?a"
"?b  <predecessor>  <Louis_Philippe_I>  <French_Revolution_of_1848>  <predecessor>  ?a   ","?a  <successor>  ?b","0.014862","0.7","0.7","7","10","10","?a"
"?a  <father>  ?f  ?b  <spouse>  ?f   ","?a  <mother>  ?b","0.853933","0.67356","0.698315","456","677","653","?a"
"?b  <mother>  ?a  ?a  <type>  <Person>   ","?a  <child>  ?b","0.119663","0.477895","0.692073","227","475","328","?b"
"?a  <father>  ?f  ?f  <spouse>  ?b   ","?a  <mother>  ?b","0.878277","0.664306","0.69174","469","706","678","?a"
"?a  <father>  ?b  ?a  <gender>  <male>   ","?a  <predecessor>  ?b","0.333333","0.394472","0.69163","157","398","227","?b"
"?b  <father>  ?a  ?b  <gender>  <male>   ","?a  <successor>  ?b","0.333333","0.394472","0.69163","157","398","227","?a"
"?a  <gender>  <female>  ?b  <successor>  ?a   ","?a  <parent>  ?b","0.0177563","0.55","0.6875","22","40","32","?b"
"?a  <gender>  <female>  ?a  <predecessor>  ?b   ","?a  <parent>  ?b","0.0177563","0.55","0.6875","22","40","32","?b"
"?a  <gender>  <male>  ?a  <parent>  ?b   ","?a  <predecessor>  ?b","0.367304","0.236986","0.681102","173","730","254","?b"
"?b  <gender>  <male>  ?b  <parent>  ?a   ","?a  <successor>  ?b","0.367304","0.236986","0.681102","173","730","254","?a"
"?b  <child>  ?a  ?a  <gender>  <male>   ","?a  <father>  ?b","0.325228","0.618497","0.679365","214","346","315","?a"
"?b  <mother>  ?a  ?b  <type>  <Person>   ","?a  <child>  ?b","0.117554","0.467505","0.671687","223","477","332","?b"
"?b  <mother>  ?a   ","?a  <child>  ?b","0.130733","0.464419","0.67027","248","534","370","?b"
"?d  <gender>  <female>  ?a  <successor>  ?d   ","?a  <gender>  <male>","0.0200191","0.538462","0.65625","21","39","32","?a"
"?c  <gender>  <female>  ?c  <predecessor>  ?a   ","?a  <gender>  <male>","0.0200191","0.538462","0.65625","21","39","32","?a"
"?a  <child>  ?e  ?e  <gender>  ?b   ","?a  <gender>  ?b","0.311725","0.64497","0.64497","327","507","507","?a"
"?b  <mother>  ?f  ?a  <spouse>  ?f   ","?a  <child>  ?b","0.141803","0.475265","0.643541","269","566","418","?b"
"?a  <mother>  ?d  ?a  <predecessor>  ?d   ","?a  <gender>  <male>","0.0114395","0.631579","0.631579","12","19","19","?a"
"?a  <mother>  ?d  ?d  <successor>  ?a   ","?a  <gender>  <male>","0.0114395","0.631579","0.631579","12","19","19","?a"
"?b  <child>  ?a  ?a  <gender>  <female>   ","?a  <mother>  ?b","0.279026","0.501683","0.631356","149","297","236","?a"
"?b  <successor>  <Charles_the_Fat>  <Charles_the_Bald>  <successor>  ?a   ","?a  <predecessor>  ?b","0.0106157","0.625","0.625","5","8","8","?b"
"?b  <successor>  <Francis_I,_Holy_Roman_Emperor>  ?a  <successor>  <Leopold_II,_Holy_Roman_Emperor>   ","?a  <predecessor>  ?b","0.0106157","0.625","0.625","5","8","8","?b"
"?a  <child>  <Archduchess_Maria_Carolina_of_Austria_(born_1740)>  ?b  <successor>  <Francis_I,_Holy_Roman_Emperor>   ","?a  <predecessor>  ?b","0.0106157","0.625","0.625","5","8","8","?b"
"?a  <child>  <Maria_Amalia,_Duchess_of_Parma>  ?b  <successor>  <Francis_I,_Holy_Roman_Emperor>   ","?a  <predecessor>  ?b","0.0106157","0.625","0.625","5","8","8","?b"
"?b  <successor>  <Francis_I,_Holy_Roman_Emperor>  ?a  <successor>  <Joseph_II,_Holy_Roman_Emperor>   ","?a  <predecessor>  ?b","0.0106157","0.625","0.625","5","8","8","?b"
"?a  <child>  <Archduchess_Maria_Johanna_Gabriela_of_Austria>  ?b  <successor>  <Francis_I,_Holy_Roman_Emperor>   ","?a  <predecessor>  ?b","0.0106157","0.625","0.625","5","8","8","?b"
"?a  <child>  <Leopold_II,_Holy_Roman_Emperor>  ?b  <successor>  <Francis_I,_Holy_Roman_Emperor>   ","?a  <predecessor>  ?b","0.0106157","0.625","0.625","5","8","8","?b"
"?a  <child>  <Ferdinand_Karl,_Archduke_of_Austria-Este>  ?b  <successor>  <Francis_I,_Holy_Roman_Emperor>   ","?a  <predecessor>  ?b","0.0106157","0.625","0.625","5","8","8","?b"
"?a  <child>  <Archduchess_Maria_Carolina_of_Austria_(stillborn_1748)>  ?b  <successor>  <Francis_I,_Holy_Roman_Emperor>   ","?a  <predecessor>  ?b","0.0106157","0.625","0.625","5","8","8","?b"
"?b  <successor>  <Francis_I,_Holy_Roman_Emperor>  <Charles_VII,_Holy_Roman_Emperor>  <successor>  ?a   ","?a  <predecessor>  ?b","0.0106157","0.625","0.625","5","8","8","?b"
"<Leopold_II,_Holy_Roman_Emperor>  <parent>  ?a  ?b  <successor>  <Francis_I,_Holy_Roman_Emperor>   ","?a  <predecessor>  ?b","0.0106157","0.625","0.625","5","8","8","?b"
"?a  <child>  <Archduke_Maximilian_Francis_of_Austria>  ?b  <successor>  <Francis_I,_Holy_Roman_Emperor>   ","?a  <predecessor>  ?b","0.0106157","0.625","0.625","5","8","8","?b"
"<Marie_Antoinette>  <parent>  ?a  ?b  <successor>  <Francis_I,_Holy_Roman_Emperor>   ","?a  <predecessor>  ?b","0.0106157","0.625","0.625","5","8","8","?b"
"?a  <child>  <Archduke_Charles_Joseph_of_Austria_(born_1745)>  ?b  <successor>  <Francis_I,_Holy_Roman_Emperor>   ","?a  <predecessor>  ?b","0.0106157","0.625","0.625","5","8","8","?b"
"?a  <child>  <Joseph_II,_Holy_Roman_Emperor>  ?b  <successor>  <Francis_I,_Holy_Roman_Emperor>   ","?a  <predecessor>  ?b","0.0106157","0.625","0.625","5","8","8","?b"
"?a  <child>  <Archduchess_Maria_Elisabeth_of_Austria_(born_1737)>  ?b  <successor>  <Francis_I,_Holy_Roman_Emperor>   ","?a  <predecessor>  ?b","0.0106157","0.625","0.625","5","8","8","?b"
"?a  <child>  <Maria_Christina,_Duchess_of_Teschen>  ?b  <successor>  <Francis_I,_Holy_Roman_Emperor>   ","?a  <predecessor>  ?b","0.0106157","0.625","0.625","5","8","8","?b"
"?a  <child>  <Maria_Carolina_of_Austria>  ?b  <successor>  <Francis_I,_Holy_Roman_Emperor>   ","?a  <predecessor>  ?b","0.0106157","0.625","0.625","5","8","8","?b"
"?a  <child>  <Archduchess_Maria_Elisabeth_of_Austria_(born_1743)>  ?b  <successor>  <Francis_I,_Holy_Roman_Emperor>   ","?a  <predecessor>  ?b","0.0106157","0.625","0.625","5","8","8","?b"
"?a  <child>  <Marie_Antoinette>  ?b  <successor>  <Francis_I,_Holy_Roman_Emperor>   ","?a  <predecessor>  ?b","0.0106157","0.625","0.625","5","8","8","?b"
"<Maria_Carolina_of_Austria>  <parent>  ?a  ?b  <successor>  <Francis_I,_Holy_Roman_Emperor>   ","?a  <predecessor>  ?b","0.0106157","0.625","0.625","5","8","8","?b"
"?a  <child>  <Archduchess_Maria_Anna_of_Austria_(born_1738)>  ?b  <successor>  <Francis_I,_Holy_Roman_Emperor>   ","?a  <predecessor>  ?b","0.0106157","0.625","0.625","5","8","8","?b"
"?a  <child>  <Archduchess_Maria_Josepha_of_Austria>  ?b  <successor>  <Francis_I,_Holy_Roman_Emperor>   ","?a  <predecessor>  ?b","0.0106157","0.625","0.625","5","8","8","?b"
"<Ferdinand_Karl,_Archduke_of_Austria-Este>  <parent>  ?a  ?b  <successor>  <Francis_I,_Holy_Roman_Emperor>   ","?a  <predecessor>  ?b","0.0106157","0.625","0.625","5","8","8","?b"
"?b  <predecessor>  <Charles_VII,_Holy_Roman_Emperor>  <Francis_I,_Holy_Roman_Emperor>  <predecessor>  ?a   ","?a  <successor>  ?b","0.0106157","0.625","0.625","5","8","8","?a"
"?b  <child>  <Maria_Carolina_of_Austria>  <Francis_I,_Holy_Roman_Emperor>  <predecessor>  ?a   ","?a  <successor>  ?b","0.0106157","0.625","0.625","5","8","8","?a"
"?b  <predecessor>  <Charles_the_Bald>  <Charles_the_Fat>  <predecessor>  ?a   ","?a  <successor>  ?b","0.0106157","0.625","0.625","5","8","8","?a"
"?b  <child>  <Leopold_II,_Holy_Roman_Emperor>  <Francis_I,_Holy_Roman_Emperor>  <predecessor>  ?a   ","?a  <successor>  ?b","0.0106157","0.625","0.625","5","8","8","?a"
"?b  <child>  <Archduke_Charles_Joseph_of_Austria_(born_1745)>  <Francis_I,_Holy_Roman_Emperor>  <predecessor>  ?a   ","?a  <successor>  ?b","0.0106157","0.625","0.625","5","8","8","?a"
"?b  <child>  <Archduchess_Maria_Johanna_Gabriela_of_Austria>  <Francis_I,_Holy_Roman_Emperor>  <predecessor>  ?a   ","?a  <successor>  ?b","0.0106157","0.625","0.625","5","8","8","?a"
"?b  <child>  <Archduchess_Maria_Josepha_of_Austria>  <Francis_I,_Holy_Roman_Emperor>  <predecessor>  ?a   ","?a  <successor>  ?b","0.0106157","0.625","0.625","5","8","8","?a"
"?b  <child>  <Archduke_Maximilian_Francis_of_Austria>  <Francis_I,_Holy_Roman_Emperor>  <predecessor>  ?a   ","?a  <successor>  ?b","0.0106157","0.625","0.625","5","8","8","?a"
"?b  <child>  <Archduchess_Maria_Carolina_of_Austria_(born_1740)>  <Francis_I,_Holy_Roman_Emperor>  <predecessor>  ?a   ","?a  <successor>  ?b","0.0106157","0.625","0.625","5","8","8","?a"
"?b  <child>  <Archduchess_Maria_Elisabeth_of_Austria_(born_1743)>  <Francis_I,_Holy_Roman_Emperor>  <predecessor>  ?a   ","?a  <successor>  ?b","0.0106157","0.625","0.625","5","8","8","?a"
"?b  <child>  <Maria_Amalia,_Duchess_of_Parma>  <Francis_I,_Holy_Roman_Emperor>  <predecessor>  ?a   ","?a  <successor>  ?b","0.0106157","0.625","0.625","5","8","8","?a"
"?b  <child>  <Marie_Antoinette>  <Francis_I,_Holy_Roman_Emperor>  <predecessor>  ?a   ","?a  <successor>  ?b","0.0106157","0.625","0.625","5","8","8","?a"
"?b  <child>  <Maria_Christina,_Duchess_of_Teschen>  <Francis_I,_Holy_Roman_Emperor>  <predecessor>  ?a   ","?a  <successor>  ?b","0.0106157","0.625","0.625","5","8","8","?a"
"?b  <child>  <Archduchess_Maria_Anna_of_Austria_(born_1738)>  <Francis_I,_Holy_Roman_Emperor>  <predecessor>  ?a   ","?a  <successor>  ?b","0.0106157","0.625","0.625","5","8","8","?a"
"?b  <child>  <Archduchess_Maria_Carolina_of_Austria_(stillborn_1748)>  <Francis_I,_Holy_Roman_Emperor>  <predecessor>  ?a   ","?a  <successor>  ?b","0.0106157","0.625","0.625","5","8","8","?a"
"?b  <child>  <Archduchess_Maria_Elisabeth_of_Austria_(born_1737)>  <Francis_I,_Holy_Roman_Emperor>  <predecessor>  ?a   ","?a  <successor>  ?b","0.0106157","0.625","0.625","5","8","8","?a"
"?b  <child>  <Ferdinand_Karl,_Archduke_of_Austria-Este>  <Francis_I,_Holy_Roman_Emperor>  <predecessor>  ?a   ","?a  <successor>  ?b","0.0106157","0.625","0.625","5","8","8","?a"
"?b  <child>  <Joseph_II,_Holy_Roman_Emperor>  <Francis_I,_Holy_Roman_Emperor>  <predecessor>  ?a   ","?a  <successor>  ?b","0.0106157","0.625","0.625","5","8","8","?a"
"<Ferdinand_Karl,_Archduke_of_Austria-Este>  <parent>  ?b  <Francis_I,_Holy_Roman_Emperor>  <predecessor>  ?a   ","?a  <successor>  ?b","0.0106157","0.625","0.625","5","8","8","?a"
"<Francis_I,_Holy_Roman_Emperor>  <predecessor>  ?a  <Joseph_II,_Holy_Roman_Emperor>  <predecessor>  ?b   ","?a  <successor>  ?b","0.0106157","0.625","0.625","5","8","8","?a"
"<Francis_I,_Holy_Roman_Emperor>  <predecessor>  ?a  <Leopold_II,_Holy_Roman_Emperor>  <predecessor>  ?b   ","?a  <successor>  ?b","0.0106157","0.625","0.625","5","8","8","?a"
"<Leopold_II,_Holy_Roman_Emperor>  <parent>  ?b  <Francis_I,_Holy_Roman_Emperor>  <predecessor>  ?a   ","?a  <successor>  ?b","0.0106157","0.625","0.625","5","8","8","?a"
"<Maria_Carolina_of_Austria>  <parent>  ?b  <Francis_I,_Holy_Roman_Emperor>  <predecessor>  ?a   ","?a  <successor>  ?b","0.0106157","0.625","0.625","5","8","8","?a"
"<Marie_Antoinette>  <parent>  ?b  <Francis_I,_Holy_Roman_Emperor>  <predecessor>  ?a   ","?a  <successor>  ?b","0.0106157","0.625","0.625","5","8","8","?a"
"?e  <child>  ?a  ?e  <gender>  ?b   ","?a  <gender>  ?b","0.381316","0.211305","0.625","400","1893","640","?a"
"?b  <child>  ?a  ?a  <gender>  <male>   ","?a  <predecessor>  ?b","0.288747","0.393064","0.623853","136","346","218","?b"
"?a  <child>  ?b  ?b  <gender>  <male>   ","?a  <successor>  ?b","0.288747","0.393064","0.623853","136","346","218","?a"
"?e  <father>  ?a  ?e  <gender>  ?b   ","?a  <gender>  ?b","0.345091","0.607383","0.607383","362","596","596","?a"
"?a  <father>  ?d  ?a  <parent>  ?d   ","?a  <gender>  <male>","0.379409","0.604863","0.605784","398","658","657","?a"
"?a  <father>  ?e  ?e  <gender>  ?b   ","?a  <gender>  ?b","0.379409","0.604863","0.605784","398","658","657","?a"
"?a  <father>  ?d  ?d  <type>  <Person>   ","?a  <gender>  <male>","0.342231","0.60134","0.602349","359","597","596","?a"
"?d  <child>  ?a  ?a  <mother>  ?d   ","?a  <gender>  <female>","0.14204","0.600806","0.600806","149","248","248","?a"
"?d  <gender>  <female>  ?a  <predecessor>  ?d   ","?a  <gender>  <male>","0.0171592","0.418605","0.6","18","43","30","?a"
"?c  <gender>  <female>  ?c  <successor>  ?a   ","?a  <gender>  <male>","0.0171592","0.418605","0.6","18","43","30","?a"
"?b  <mother>  ?f  ?f  <spouse>  ?a   ","?a  <child>  ?b","0.13126","0.44385","0.598558","249","561","416","?b"
"?a  <parent>  ?d  ?d  <type>  <Person>   ","?a  <gender>  <male>","0.370829","0.596626","0.597542","389","652","651","?a"
"?f  <mother>  ?a  ?b  <successor>  ?f   ","?a  <spouse>  ?b","0.0983859","0.406349","0.584475","128","315","219","?b"
"?e  <mother>  ?a  ?e  <predecessor>  ?b   ","?a  <spouse>  ?b","0.0983859","0.406349","0.584475","128","315","219","?b"
"?d  <child>  ?a  ?a  <parent>  ?d   ","?a  <gender>  <male>","0.22021","0.578947","0.578947","231","399","399","?a"
"?a  <mother>  ?d  ?d  <type>  <Person>   ","?a  <gender>  <male>","0.261201","0.576842","0.578059","274","475","474","?a"
"?b  <gender>  <male>  ?b  <successor>  ?a   ","?a  <parent>  ?b","0.138822","0.519637","0.577181","172","331","298","?b"
"?b  <gender>  <male>  ?a  <predecessor>  ?b   ","?a  <parent>  ?b","0.138822","0.519637","0.577181","172","331","298","?b"
"?d  <gender>  <female>  ?a  <mother>  ?d   ","?a  <gender>  <male>","0.291706","0.573034","0.574109","306","534","533","?a"
"?a  <mother>  ?d  ?a  <parent>  ?d   ","?a  <gender>  <male>","0.291706","0.573034","0.574109","306","534","533","?a"
"?d  <gender>  <female>  ?a  <parent>  ?d   ","?a  <gender>  <male>","0.29266","0.571695","0.572761","307","537","536","?a"
"?b  <predecessor>  ?a  ?a  <successor>  ?b   ","?a  <child>  ?b","0.108065","0.43617","0.571031","205","470","359","?b"
"?b  <successor>  ?a   ","?a  <parent>  ?b","0.157385","0.414013","0.570175","195","471","342","?b"
"?a  <predecessor>  ?b   ","?a  <parent>  ?b","0.157385","0.414013","0.570175","195","471","342","?b"
"?b  <predecessor>  ?a   ","?a  <child>  ?b","0.108065","0.435244","0.569444","205","471","360","?b"
"?a  <successor>  ?b   ","?a  <child>  ?b","0.108065","0.435244","0.569444","205","471","360","?b"
"?a  <type>  <Person>   ","?a  <gender>  <male>","0.499523","0.23689","0.562232","524","2212","932","?a"
"?a  <gender>  <male>  ?a  <parent>  ?b   ","?a  <father>  ?b","0.604863","0.545205","0.559775","398","730","711","?a"
"?c  <child>  ?a  ?c  <type>  <Person>   ","?a  <gender>  <male>","0.224023","0.181467","0.558195","235","1295","421","?a"
"?b  <successor>  <Ferdinand_II_of_Aragon>  <Louis_XII>  <successor>  ?a   ","?a  <predecessor>  ?b","0.0106157","0.555556","0.555556","5","9","9","?b"
"?b  <successor>  <Victor_Amadeus_II_of_Sardinia>  <Philip_V_of_Spain>  <successor>  ?a   ","?a  <predecessor>  ?b","0.0106157","0.555556","0.555556","5","9","9","?b"
"?b  <successor>  <Victor_Amadeus_II_of_Sardinia>  <Charles_VI,_Holy_Roman_Emperor>  <successor>  ?a   ","?a  <predecessor>  ?b","0.0106157","0.555556","0.555556","5","9","9","?b"
"?b  <successor>  <Philip_VI_of_France>  <Charles_IV_of_France>  <successor>  ?a   ","?a  <predecessor>  ?b","0.0106157","0.555556","0.555556","5","9","9","?b"
"?b  <successor>  <Louis_Philippe_I>  <Charles_X>  <successor>  ?a   ","?a  <predecessor>  ?b","0.0106157","0.555556","0.555556","5","9","9","?b"
"?b  <name>  <John II>  ?a  <parent>  ?b   ","?a  <predecessor>  ?b","0.0106157","0.5","0.555556","5","10","9","?b"
"?b  <successor>  <Charles_III_of_Spain>  <Charles_VI,_Holy_Roman_Emperor>  <successor>  ?a   ","?a  <predecessor>  ?b","0.0106157","0.555556","0.555556","5","9","9","?b"
"?a  <name>  <John II>  ?b  <parent>  ?a   ","?a  <successor>  ?b","0.0106157","0.5","0.555556","5","10","9","?a"
"?b  <predecessor>  <Charles_IV_of_France>  <Philip_VI_of_France>  <predecessor>  ?a   ","?a  <successor>  ?b","0.0106157","0.555556","0.555556","5","9","9","?a"
"?b  <predecessor>  <Louis_XII>  <Ferdinand_II_of_Aragon>  <predecessor>  ?a   ","?a  <successor>  ?b","0.0106157","0.555556","0.555556","5","9","9","?a"
"?b  <predecessor>  <Philip_V_of_Spain>  <Victor_Amadeus_II_of_Sardinia>  <predecessor>  ?a   ","?a  <successor>  ?b","0.0106157","0.555556","0.555556","5","9","9","?a"
"?b  <predecessor>  <Charles_VI,_Holy_Roman_Emperor>  <Victor_Amadeus_II_of_Sardinia>  <predecessor>  ?a   ","?a  <successor>  ?b","0.0106157","0.555556","0.555556","5","9","9","?a"
"?b  <predecessor>  <Charles_VI,_Holy_Roman_Emperor>  <Charles_III_of_Spain>  <predecessor>  ?a   ","?a  <successor>  ?b","0.0106157","0.555556","0.555556","5","9","9","?a"
"?b  <predecessor>  <Charles_X>  <Louis_Philippe_I>  <predecessor>  ?a   ","?a  <successor>  ?b","0.0106157","0.555556","0.555556","5","9","9","?a"
"?a  <parent>  ?b  ?b  <type>  <Person>   ","?a  <father>  ?b","0.907295","0.534946","0.553803","597","1116","1078","?a"
"?c  <parent>  ?a  ?c  <type>  <Person>   ","?a  <gender>  <male>","0.470925","0.531755","0.553191","494","929","893","?a"
"?b  <parent>  ?f  ?a  <spouse>  ?f   ","?a  <child>  ?b","0.27728","0.419124","0.553102","526","1255","951","?b"
"?b  <child>  ?a  ?a  <parent>  ?b   ","?a  <father>  ?b","0.458967","0.544144","0.550091","302","555","549","?a"
"?a  <parent>  ?b   ","?a  <father>  ?b","1","0.531073","0.549708","658","1239","1197","?a"
"?a  <child>  ?c  ?c  <parent>  ?a   ","?a  <gender>  <male>","0.206864","0.549367","0.549367","217","395","395","?a"
"?b  <child>  ?a  ?a  <type>  <Person>   ","?a  <father>  ?b","0.411854","0.163845","0.546371","271","1654","496","?a"
"?b  <child>  ?a  ?b  <type>  <Person>   ","?a  <father>  ?b","0.420973","0.160487","0.546351","277","1726","507","?a"
"?b  <child>  ?a   ","?a  <father>  ?b","0.458967","0.159199","0.546112","302","1897","553","?a"
"?a  <gender>  <male>  ?a  <mother>  ?b   ","?a  <predecessor>  ?b","0.0254777","0.0392157","0.545455","12","306","22","?b"
"?b  <gender>  <male>  ?b  <mother>  ?a   ","?a  <successor>  ?b","0.0254777","0.0392157","0.545455","12","306","22","?a"
"?a  <child>  ?f  ?f  <mother>  ?b   ","?a  <spouse>  ?b","0.151422","0.51436","0.5427","197","383","363","?b"
"?a  <child>  ?d  ?d  <type>  <Person>   ","?a  <gender>  <male>","0.212583","0.537349","0.538647","223","415","414","?a"
"?c  <gender>  <female>  ?c  <parent>  ?a   ","?a  <gender>  <male>","0.225929","0.51634","0.534989","237","459","443","?a"
"?e  <gender>  ?b  ?e  <parent>  ?a   ","?a  <gender>  ?b","0.541468","0.507596","0.525926","568","1119","1080","?a"
"?f  <gender>  ?b  ?a  <parent>  ?f   ","?a  <gender>  ?b","0.598665","0.52377","0.524645","628","1199","1197","?a"
"?a  <father>  ?b  ?a  <type>  <Person>   ","?a  <predecessor>  ?b","0.333333","0.268376","0.523333","157","585","300","?b"
"?b  <father>  ?a  ?b  <type>  <Person>   ","?a  <successor>  ?b","0.333333","0.268376","0.523333","157","585","300","?a"
"?a  <child>  ?f  ?f  <parent>  ?b   ","?a  <spouse>  ?b","0.295926","0.487342","0.52027","385","790","740","?b"
"?b  <child>  ?a  ?b  <name>  <Louis>   ","?a  <parent>  ?b","0.0104923","0.52","0.52","13","25","25","?b"
"?a  <parent>  ?b  ?a  <type>  <Person>   ","?a  <predecessor>  ?b","0.384289","0.163653","0.51567","181","1106","351","?b"
"?b  <parent>  ?a  ?b  <type>  <Person>   ","?a  <successor>  ?b","0.384289","0.163653","0.51567","181","1106","351","?a"
"?a  <father>  ?b   ","?a  <predecessor>  ?b","0.360934","0.258359","0.508982","170","658","334","?b"
"?b  <father>  ?a   ","?a  <successor>  ?b","0.360934","0.258359","0.508982","170","658","334","?a"
"?b  <gender>  <male>  ?a  <parent>  ?b   ","?a  <predecessor>  ?b","0.36518","0.259427","0.508876","172","663","338","?b"
"?a  <gender>  <male>  ?b  <parent>  ?a   ","?a  <successor>  ?b","0.36518","0.259427","0.508876","172","663","338","?a"
"?b  <parent>  ?f  ?f  <spouse>  ?a   ","?a  <child>  ?b","0.25883","0.383894","0.505664","491","1279","971","?b"
"?c  <spouse>  ?a  ?c  <type>  <Person>   ","?a  <gender>  <female>","0.391802","0.394056","0.505535","411","1043","813","?a"
"?a  <parent>  ?b   ","?a  <predecessor>  ?b","0.414013","0.157385","0.502577","195","1239","388","?b"
"?b  <parent>  ?a   ","?a  <successor>  ?b","0.414013","0.157385","0.502577","195","1239","388","?a"
"?d  <spouse>  ?a  ?a  <spouse>  ?d   ","?a  <gender>  <female>","0.384175","0.393939","0.502494","403","1023","802","?a"
"?a  <spouse>  ?d  ?d  <type>  <Person>   ","?a  <gender>  <male>","0.392755","0.394258","0.5","412","1045","824","?a"
"?a  <spouse>  ?d  ?d  <type>  <Person>   ","?a  <gender>  <female>","0.392755","0.394258","0.5","412","1045","824","?a"
"?b  <successor>  <Charles_the_Fat>  <Louis_the_German>  <successor>  ?a   ","?a  <predecessor>  ?b","0.0127389","0.5","0.5","6","12","12","?b"
"?b  <successor>  <Charles_Martel>  <Pepin_of_Herstal>  <successor>  ?a   ","?a  <predecessor>  ?b","0.0127389","0.5","0.5","6","12","12","?b"
"<Louis_the_German>  <child>  ?a  ?b  <successor>  <Charles_the_Fat>   ","?a  <predecessor>  ?b","0.0127389","0.5","0.5","6","12","12","?b"
"?b  <successor>  <Francis_I,_Holy_Roman_Emperor>  <Maria_Theresa>  <successor>  ?a   ","?a  <predecessor>  ?b","0.0127389","0.5","0.5","6","12","12","?b"
"<Antoine,_Duke_of_Montpensier>  <parent>  ?b  <Louis_Philippe_I>  <successor>  ?a   ","?a  <predecessor>  ?b","0.0106157","0.5","0.5","5","10","10","?b"
"?b  <predecessor>  <Maria_Theresa>  <Francis_I,_Holy_Roman_Emperor>  <predecessor>  ?a   ","?a  <successor>  ?b","0.0127389","0.5","0.5","6","12","12","?a"
"?b  <predecessor>  <Pepin_of_Herstal>  <Charles_Martel>  <predecessor>  ?a   ","?a  <successor>  ?b","0.0127389","0.5","0.5","6","12","12","?a"
"?b  <predecessor>  <Louis_the_German>  <Charles_the_Fat>  <predecessor>  ?a   ","?a  <successor>  ?b","0.0127389","0.5","0.5","6","12","12","?a"
"<Louis_the_German>  <child>  ?b  <Charles_the_Fat>  <predecessor>  ?a   ","?a  <successor>  ?b","0.0127389","0.5","0.5","6","12","12","?a"
"<Antoine,_Duke_of_Montpensier>  <parent>  ?a  ?b  <predecessor>  <Louis_Philippe_I>   ","?a  <successor>  ?b","0.0106157","0.5","0.5","5","10","10","?a"
"?a  <parent>  ?b  ?a  <type>  <Person>   ","?a  <mother>  ?b","0.893258","0.431284","0.498954","477","1106","956","?a"
"?a  <gender>  <female>  ?a  <parent>  ?b   ","?a  <mother>  ?b","0.425094","0.447732","0.498901","227","507","455","?a"
"?a  <parent>  ?b   ","?a  <mother>  ?b","1","0.430993","0.498599","534","1239","1071","?a"
"?d  <spouse>  ?a  ?a  <spouse>  ?d   ","?a  <gender>  <male>","0.380362","0.390029","0.497506","399","1023","802","?a"
"?b  <child>  ?f  ?f  <mother>  ?a   ","?a  <spouse>  ?b","0.137586","0.467363","0.497222","179","383","360","?b"
"?a  <gender>  <male>  ?b  <successor>  ?a   ","?a  <father>  ?b","0.238602","0.477204","0.496835","157","329","316","?a"
"?a  <gender>  <male>  ?a  <predecessor>  ?b   ","?a  <father>  ?b","0.238602","0.477204","0.496835","157","329","316","?a"
"?c  <spouse>  ?a  ?c  <type>  <Person>   ","?a  <gender>  <male>","0.383222","0.385427","0.494465","402","1043","813","?a"
"?a  <predecessor>  ?b  ?b  <successor>  ?a   ","?a  <father>  ?b","0.258359","0.361702","0.488506","170","470","348","?a"
"?e  <father>  ?a  ?e  <parent>  ?b   ","?a  <spouse>  ?b","0.290546","0.385714","0.487742","378","980","775","?b"
"?a  <child>  ?f  ?f  <father>  ?b   ","?a  <spouse>  ?b","0.136818","0.450633","0.487671","178","395","365","?b"
"?b  <successor>  ?a   ","?a  <father>  ?b","0.258359","0.360934","0.487106","170","471","349","?a"
"?a  <predecessor>  ?b   ","?a  <father>  ?b","0.258359","0.360934","0.487106","170","471","349","?a"
"?b  <child>  ?f  ?f  <parent>  ?a   ","?a  <spouse>  ?b","0.270561","0.44557","0.484182","352","790","727","?b"
"?e  <mother>  ?b  ?e  <parent>  ?a   ","?a  <spouse>  ?b","0.28824","0.429553","0.483871","375","873","775","?b"
"?e  <parent>  ?a  ?e  <parent>  ?b   ","?a  <spouse>  ?b","0.579554","0.38886","0.479949","754","1939","1571","?b"
"?b  <father>  ?f  ?a  <spouse>  ?f   ","?a  <child>  ?b","0.131787","0.369276","0.478927","250","677","522","?b"
"?e  <father>  ?b  ?e  <parent>  ?a   ","?a  <spouse>  ?b","0.282091","0.37449","0.476005","367","980","771","?b"
"?e  <mother>  ?b  ?e  <predecessor>  ?a   ","?a  <spouse>  ?b","0.106841","0.44127","0.474403","139","315","293","?b"
"?f  <mother>  ?b  ?a  <successor>  ?f   ","?a  <spouse>  ?b","0.106841","0.44127","0.474403","139","315","293","?b"
"?e  <mother>  ?a  ?e  <parent>  ?b   ","?a  <spouse>  ?b","0.280553","0.418099","0.473411","365","873","771","?b"
"?b  <child>  ?a  ?a  <type>  <Person>   ","?a  <mother>  ?b","0.417603","0.134825","0.470464","223","1654","474","?a"
"?b  <child>  ?a  ?b  <type>  <Person>   ","?a  <mother>  ?b","0.425094","0.131518","0.469979","227","1726","483","?a"
"?a  <predecessor>  ?f  ?f  <spouse>  ?b   ","?a  <parent>  ?b","0.132365","0.310019","0.469914","164","529","349","?b"
"?e  <spouse>  ?b  ?e  <successor>  ?a   ","?a  <parent>  ?b","0.132365","0.310019","0.469914","164","529","349","?b"
"?b  <child>  ?a   ","?a  <mother>  ?b","0.464419","0.130733","0.469697","248","1897","528","?a"
"?b  <successor>  <Prince_Philippe,_Count_of_Paris>  <Louis_Philippe_I>  <successor>  ?a   ","?a  <predecessor>  ?b","0.014862","0.466667","0.466667","7","15","15","?b"
"?b  <predecessor>  <Louis_Philippe_I>  <Prince_Philippe,_Count_of_Paris>  <predecessor>  ?a   ","?a  <successor>  ?b","0.014862","0.466667","0.466667","7","15","15","?a"
"?a  <predecessor>  ?f  ?b  <spouse>  ?f   ","?a  <parent>  ?b","0.125101","0.308151","0.462687","155","503","335","?b"
"?b  <spouse>  ?f  ?f  <successor>  ?a   ","?a  <parent>  ?b","0.125101","0.308151","0.462687","155","503","335","?b"
"?a  <child>  ?d  ?d  <type>  <Person>   ","?a  <gender>  <female>","0.182078","0.460241","0.461353","191","415","414","?a"
"?a  <mother>  ?f  ?b  <spouse>  ?f   ","?a  <predecessor>  ?b","0.299363","0.249117","0.459283","141","566","307","?b"
"?b  <mother>  ?f  ?a  <spouse>  ?f   ","?a  <successor>  ?b","0.299363","0.249117","0.459283","141","566","307","?a"
"?b  <child>  ?f  ?f  <father>  ?a   ","?a  <spouse>  ?b","0.125288","0.412658","0.459155","163","395","355","?b"
"?a  <child>  ?d  ?d  <parent>  ?a   ","?a  <gender>  <female>","0.169685","0.450633","0.450633","178","395","395","?a"
"?a  <mother>  ?f  ?f  <spouse>  ?b   ","?a  <predecessor>  ?b","0.276008","0.231729","0.449827","130","561","289","?b"
"?b  <mother>  ?f  ?f  <spouse>  ?a   ","?a  <successor>  ?b","0.276008","0.231729","0.449827","130","561","289","?a"
"?c  <parent>  ?a  ?c  <type>  <Person>   ","?a  <gender>  <female>","0.380362","0.429494","0.446809","399","929","893","?a"
"?c  <child>  ?a  ?c  <type>  <Person>   ","?a  <gender>  <female>","0.177312","0.143629","0.441805","186","1295","421","?a"
"?a  <mother>  ?b  ?a  <type>  <Person>   ","?a  <predecessor>  ?b","0.0382166","0.0377358","0.439024","18","477","41","?b"
"?b  <mother>  ?a  ?b  <type>  <Person>   ","?a  <successor>  ?b","0.0382166","0.0377358","0.439024","18","477","41","?a"
"?a  <type>  <Person>   ","?a  <gender>  <female>","0.388942","0.184448","0.437768","408","2212","932","?a"
"?b  <father>  ?f  ?f  <spouse>  ?a   ","?a  <child>  ?b","0.12388","0.332861","0.432781","235","706","543","?b"
"?a  <parent>  ?f  ?b  <spouse>  ?f   ","?a  <predecessor>  ?b","0.348195","0.130677","0.432718","164","1255","379","?b"
"?b  <parent>  ?f  ?a  <spouse>  ?f   ","?a  <successor>  ?b","0.348195","0.130677","0.432718","164","1255","379","?a"
"?a  <mother>  ?b   ","?a  <predecessor>  ?b","0.0403397","0.0355805","0.431818","19","534","44","?b"
"?b  <mother>  ?a   ","?a  <successor>  ?b","0.0403397","0.0355805","0.431818","19","534","44","?a"
"?c  <gender>  <male>  ?c  <parent>  ?a   ","?a  <gender>  <female>","0.262154","0.416667","0.431711","275","660","637","?a"
"?a  <parent>  ?f  ?f  <spouse>  ?b   ","?a  <predecessor>  ?b","0.329087","0.121188","0.428177","155","1279","362","?b"
"?b  <parent>  ?f  ?f  <spouse>  ?a   ","?a  <successor>  ?b","0.329087","0.121188","0.428177","155","1279","362","?a"
"?e  <gender>  ?b  ?e  <mother>  ?a   ","?a  <gender>  ?b","0.195424","0.427083","0.427083","205","480","480","?a"
"?a  <mother>  ?d  ?a  <parent>  ?d   ","?a  <gender>  <female>","0.216397","0.425094","0.425891","227","534","533","?a"
"?e  <gender>  ?b  ?a  <mother>  ?e   ","?a  <gender>  ?b","0.216397","0.425094","0.425891","227","534","533","?a"
"?a  <mother>  ?d  ?d  <type>  <Person>   ","?a  <gender>  <female>","0.190658","0.421053","0.421941","200","475","474","?a"
"?d  <child>  ?a  ?a  <parent>  ?d   ","?a  <gender>  <female>","0.160153","0.421053","0.421053","168","399","399","?a"
"<Pepin_of_Herstal>  <child>  ?a  ?b  <successor>  <Charles_Martel>   ","?a  <predecessor>  ?b","0.0106157","0.416667","0.416667","5","12","12","?b"
"<Pepin_of_Herstal>  <child>  ?b  <Charles_Martel>  <predecessor>  ?a   ","?a  <successor>  ?b","0.0106157","0.416667","0.416667","5","12","12","?a"
"?e  <spouse>  ?b  ?e  <successor>  ?a   ","?a  <mother>  ?b","0.264045","0.266541","0.409884","141","529","344","?a"
"?a  <predecessor>  ?f  ?f  <spouse>  ?b   ","?a  <mother>  ?b","0.264045","0.266541","0.409884","141","529","344","?a"
"?c  <child>  ?a  ?c  <gender>  <female>   ","?a  <gender>  <male>","0.110582","0.13242","0.404181","116","876","287","?a"
"?a  <child>  ?d  ?d  <gender>  <female>   ","?a  <gender>  <male>","0.0886559","0.402597","0.402597","93","231","231","?a"
"?a  <parent>  ?d  ?d  <type>  <Person>   ","?a  <gender>  <female>","0.249762","0.40184","0.402458","262","652","651","?a"
"?f  <child>  ?b  ?a  <spouse>  ?f   ","?a  <child>  ?b","0.503954","0.400839","0.400839","956","2385","2385","?b"
"<Louis_Philippe_I>  <successor>  ?a  <Charles_X>  <successor>  ?b   ","?a  <predecessor>  ?b","0.0127389","0.4","0.4","6","15","15","?b"
"?a  <predecessor>  <Charles_X>  ?b  <predecessor>  <Louis_Philippe_I>   ","?a  <successor>  ?b","0.0127389","0.4","0.4","6","15","15","?a"
"?d  <child>  ?a  ?a  <mother>  ?d   ","?a  <gender>  <male>","0.0943756","0.399194","0.399194","99","248","248","?a"
"?a  <father>  ?d  ?d  <type>  <Person>   ","?a  <gender>  <female>","0.225929","0.396985","0.397651","237","597","596","?a"
"?d  <gender>  <male>  ?a  <parent>  ?d   ","?a  <gender>  <female>","0.249762","0.39577","0.396369","262","662","661","?a"
"?a  <predecessor>  ?f  ?b  <spouse>  ?f   ","?a  <mother>  ?b","0.243446","0.258449","0.395137","130","503","329","?a"
"?b  <spouse>  ?f  ?f  <successor>  ?a   ","?a  <mother>  ?b","0.243446","0.258449","0.395137","130","503","329","?a"
"?a  <father>  ?d  ?d  <gender>  <male>   ","?a  <gender>  <female>","0.246902","0.393617","0.394216","259","658","657","?a"
"?a  <father>  ?d  ?a  <parent>  ?d   ","?a  <gender>  <female>","0.246902","0.393617","0.394216","259","658","657","?a"
"?a  <parent>  ?f  ?b  <spouse>  ?f   ","?a  <father>  ?b","0.720365","0.377689","0.381643","474","1255","1242","?a"
"?a  <parent>  ?f  ?f  <spouse>  ?b   ","?a  <mother>  ?b","0.88015","0.367475","0.380567","470","1279","1235","?a"
"?a  <child>  ?f  ?b  <child>  ?f   ","?a  <spouse>  ?b","0.18063","0.352324","0.378422","235","667","621","?b"
"?a  <parent>  ?f  ?b  <spouse>  ?f   ","?a  <mother>  ?b","0.857678","0.36494","0.376645","458","1255","1216","?a"
"<Hemma>  <child>  ?a  ?b  <successor>  <Charles_the_Fat>   ","?a  <predecessor>  ?b","0.0127389","0.375","0.375","6","16","16","?b"
"<Hemma>  <child>  ?b  <Charles_the_Fat>  <predecessor>  ?a   ","?a  <successor>  ?b","0.0127389","0.375","0.375","6","16","16","?a"
"?e  <child>  ?b  ?e  <spouse>  ?a   ","?a  <child>  ?b","0.503954","0.37083","0.37083","956","2578","2578","?b"
"?a  <parent>  ?f  ?f  <spouse>  ?b   ","?a  <father>  ?b","0.700608","0.360438","0.364427","461","1279","1265","?a"
"?e  <child>  ?a  ?e  <spouse>  ?b   ","?a  <mother>  ?b","0.5","0.103569","0.360324","267","2578","741","?a"
"?f  <child>  ?a  ?b  <spouse>  ?f   ","?a  <mother>  ?b","0.464419","0.103983","0.359942","248","2385","689","?a"
"?c  <child>  ?a  ?c  <gender>  <male>   ","?a  <gender>  <female>","0.118208","0.121927","0.351275","124","1017","353","?a"
"?f  <parent>  ?a  ?b  <successor>  ?f   ","?a  <spouse>  ?b","0.117602","0.22467","0.336264","153","681","455","?b"
"?e  <parent>  ?a  ?e  <predecessor>  ?b   ","?a  <spouse>  ?b","0.117602","0.22467","0.336264","153","681","455","?b"
"?f  <child>  ?a  ?b  <spouse>  ?f   ","?a  <father>  ?b","0.352584","0.0972746","0.331903","232","2385","699","?a"
"?e  <child>  ?a  ?e  <spouse>  ?b   ","?a  <father>  ?b","0.37538","0.0958107","0.328457","247","2578","752","?a"
"?a  <child>  ?d  ?d  <gender>  <male>   ","?a  <gender>  <female>","0.0829361","0.315217","0.315217","87","276","276","?a"
"?b  <child>  ?a  ?a  <type>  <Person>   ","?a  <parent>  ?b","0.402744","0.301693","0.315025","499","1654","1584","?b"
"?b  <child>  ?a  ?b  <gender>  <male>   ","?a  <parent>  ?b","0.245359","0.298332","0.309888","304","1019","981","?b"
"?b  <child>  ?a  ?b  <type>  <Person>   ","?a  <parent>  ?b","0.410815","0.294902","0.308859","509","1726","1648","?b"
"?b  <child>  ?a   ","?a  <parent>  ?b","0.447942","0.292567","0.306461","555","1897","1811","?b"
"?a  <father>  ?f  ?f  <spouse>  ?b   ","?a  <predecessor>  ?b","0.0424628","0.0283286","0.294118","20","706","68","?b"
"?b  <father>  ?f  ?f  <spouse>  ?a   ","?a  <successor>  ?b","0.0424628","0.0283286","0.294118","20","706","68","?a"
"?d  <child>  ?a  ?a  <father>  ?d   ","?a  <gender>  <female>","0.0838894","0.291391","0.291391","88","302","302","?a"
"?b  <predecessor>  ?f  ?a  <spouse>  ?f   ","?a  <child>  ?b","0.060622","0.228628","0.282555","115","503","407","?b"
"?a  <spouse>  ?f  ?f  <successor>  ?b   ","?a  <child>  ?b","0.060622","0.228628","0.282555","115","503","407","?b"
"?f  <child>  ?a  ?b  <spouse>  ?f   ","?a  <parent>  ?b","0.397094","0.206289","0.278754","492","2385","1765","?b"
"?a  <child>  ?f  ?b  <successor>  ?f   ","?a  <spouse>  ?b","0.0807071","0.211694","0.278515","105","496","377","?b"
"?a  <child>  ?f  ?f  <predecessor>  ?b   ","?a  <spouse>  ?b","0.0807071","0.211694","0.278515","105","496","377","?b"
"?e  <child>  ?a  ?e  <spouse>  ?b   ","?a  <parent>  ?b","0.424536","0.204034","0.274961","526","2578","1913","?b"
"?a  <father>  ?f  ?b  <spouse>  ?f   ","?a  <predecessor>  ?b","0.0382166","0.0265879","0.268657","18","677","67","?b"
"?b  <father>  ?f  ?a  <spouse>  ?f   ","?a  <successor>  ?b","0.0382166","0.0265879","0.268657","18","677","67","?a"
"?f  <parent>  ?b  ?a  <successor>  ?f   ","?a  <spouse>  ?b","0.12452","0.237885","0.267327","162","681","606","?b"
"?e  <parent>  ?b  ?e  <predecessor>  ?a   ","?a  <spouse>  ?b","0.12452","0.237885","0.267327","162","681","606","?b"
"?b  <predecessor>  ?f  ?f  <spouse>  ?a   ","?a  <child>  ?b","0.0574591","0.206049","0.255869","109","529","426","?b"
"?e  <spouse>  ?a  ?e  <successor>  ?b   ","?a  <child>  ?b","0.0574591","0.206049","0.255869","109","529","426","?b"
"?b  <child>  ?a  ?b  <name>  <John II>   ","?a  <predecessor>  ?b","0.0106157","0.25","0.25","5","20","20","?b"
"?a  <child>  ?b  ?a  <name>  <John II>   ","?a  <successor>  ?b","0.0106157","0.25","0.25","5","20","20","?a"
"?a  <predecessor>  ?f  ?b  <spouse>  ?f   ","?a  <predecessor>  ?b","0.0573248","0.0536779","0.243243","27","503","111","?b"
"?a  <predecessor>  ?f  ?f  <spouse>  ?b   ","?a  <predecessor>  ?b","0.0573248","0.0510397","0.243243","27","529","111","?b"
"?b  <spouse>  ?f  ?f  <successor>  ?a   ","?a  <predecessor>  ?b","0.0573248","0.0536779","0.243243","27","503","111","?b"
"?e  <spouse>  ?b  ?e  <successor>  ?a   ","?a  <predecessor>  ?b","0.0573248","0.0510397","0.243243","27","529","111","?b"
"?b  <predecessor>  ?f  ?f  <spouse>  ?a   ","?a  <successor>  ?b","0.0573248","0.0510397","0.243243","27","529","111","?a"
"?b  <predecessor>  ?f  ?a  <spouse>  ?f   ","?a  <successor>  ?b","0.0573248","0.0536779","0.243243","27","503","111","?a"
"?a  <spouse>  ?f  ?f  <successor>  ?b   ","?a  <successor>  ?b","0.0573248","0.0536779","0.243243","27","503","111","?a"
"?e  <spouse>  ?a  ?e  <successor>  ?b   ","?a  <successor>  ?b","0.0573248","0.0510397","0.243243","27","529","111","?a"
"?b  <child>  ?f  ?f  <predecessor>  ?a   ","?a  <spouse>  ?b","0.0760953","0.199597","0.216157","99","496","458","?b"
"?b  <child>  ?f  ?a  <successor>  ?f   ","?a  <spouse>  ?b","0.0760953","0.199597","0.216157","99","496","458","?b"
"?b  <child>  ?a  ?a  <type>  <Person>   ","?a  <predecessor>  ?b","0.407643","0.116082","0.213571","192","1654","899","?b"
"?a  <child>  ?b  ?b  <type>  <Person>   ","?a  <successor>  ?b","0.407643","0.116082","0.213571","192","1654","899","?a"
"?a  <gender>  <female>  ?b  <successor>  ?a   ","?a  <mother>  ?b","0.0131086","0.175","0.205882","7","40","34","?a"
"?a  <gender>  <female>  ?a  <predecessor>  ?b   ","?a  <mother>  ?b","0.0131086","0.175","0.205882","7","40","34","?a"
"?b  <child>  ?a  ?b  <gender>  <male>   ","?a  <predecessor>  ?b","0.397028","0.183513","0.203704","187","1019","918","?b"
"?a  <child>  ?b  ?a  <gender>  <male>   ","?a  <successor>  ?b","0.397028","0.183513","0.203704","187","1019","918","?a"
"?a  <mother>  ?f  ?b  <predecessor>  ?f   ","?a  <father>  ?b","0.0182371","0.196721","0.196721","12","61","61","?a"
"?a  <mother>  ?f  ?f  <successor>  ?b   ","?a  <father>  ?b","0.0182371","0.196721","0.196721","12","61","61","?a"
"?b  <child>  ?a   ","?a  <predecessor>  ?b","0.435244","0.108065","0.19636","205","1897","1044","?b"
"?a  <child>  ?b   ","?a  <successor>  ?b","0.435244","0.108065","0.19636","205","1897","1044","?a"
"?e  <father>  ?a  ?e  <mother>  ?b   ","?a  <predecessor>  ?b","0.0106157","0.0116822","0.15625","5","428","32","?b"
"?e  <father>  ?b  ?e  <mother>  ?a   ","?a  <successor>  ?b","0.0106157","0.0116822","0.15625","5","428","32","?a"
"?e  <child>  ?a  ?e  <spouse>  ?b   ","?a  <predecessor>  ?b","0.244161","0.0446082","0.155405","115","2578","740","?b"
"?e  <child>  ?b  ?e  <spouse>  ?a   ","?a  <successor>  ?b","0.244161","0.0446082","0.155405","115","2578","740","?a"
"?f  <child>  ?a  ?b  <spouse>  ?f   ","?a  <predecessor>  ?b","0.231422","0.0457023","0.15097","109","2385","722","?b"
"?f  <child>  ?b  ?a  <spouse>  ?f   ","?a  <successor>  ?b","0.231422","0.0457023","0.15097","109","2385","722","?a"
"?a  <gender>  <male>  ?b  <spouse>  ?a   ","?a  <predecessor>  ?b","0.014862","0.0127737","0.14","7","548","50","?b"
"?b  <gender>  <male>  ?a  <spouse>  ?b   ","?a  <successor>  ?b","0.014862","0.0127737","0.14","7","548","50","?a"
"?a  <gender>  <male>  ?a  <spouse>  ?b   ","?a  <predecessor>  ?b","0.014862","0.0122164","0.137255","7","573","51","?b"
"?b  <gender>  <male>  ?b  <spouse>  ?a   ","?a  <successor>  ?b","0.014862","0.0122164","0.137255","7","573","51","?a"
"?f  <father>  ?a  ?b  <successor>  ?f   ","?a  <child>  ?b","0.014233","0.0780347","0.131707","27","346","205","?b"
"?e  <father>  ?a  ?e  <predecessor>  ?b   ","?a  <child>  ?b","0.014233","0.0780347","0.131707","27","346","205","?b"
"?a  <child>  ?f  ?b  <predecessor>  ?f   ","?a  <child>  ?b","0.0237217","0.105882","0.121951","45","425","369","?b"
"?a  <child>  ?f  ?f  <successor>  ?b   ","?a  <child>  ?b","0.0237217","0.105882","0.121951","45","425","369","?b"
"?a  <child>  ?f  ?b  <successor>  ?f   ","?a  <child>  ?b","0.0231945","0.0887097","0.121212","44","496","363","?b"
"?a  <child>  ?f  ?f  <predecessor>  ?b   ","?a  <child>  ?b","0.0231945","0.0887097","0.121212","44","496","363","?b"
"?c  <successor>  ?a  ?c  <type>  <Person>   ","?a  <gender>  <female>","0.0305052","0.0906516","0.120755","32","353","265","?a"
"?a  <predecessor>  ?d  ?d  <type>  <Person>   ","?a  <gender>  <female>","0.0305052","0.0906516","0.120755","32","353","265","?a"
"?a  <mother>  ?f  ?b  <predecessor>  ?f   ","?a  <predecessor>  ?b","0.0127389","0.0983607","0.12","6","61","50","?b"
"?f  <mother>  ?b  ?a  <successor>  ?f   ","?a  <predecessor>  ?b","0.0127389","0.0190476","0.12","6","315","50","?b"
"?a  <mother>  ?f  ?f  <successor>  ?b   ","?a  <predecessor>  ?b","0.0127389","0.0983607","0.12","6","61","50","?b"
"?e  <mother>  ?b  ?e  <predecessor>  ?a   ","?a  <predecessor>  ?b","0.0127389","0.0190476","0.12","6","315","50","?b"
"?b  <mother>  ?f  ?f  <successor>  ?a   ","?a  <successor>  ?b","0.0127389","0.0983607","0.12","6","61","50","?a"
"?b  <mother>  ?f  ?a  <predecessor>  ?f   ","?a  <successor>  ?b","0.0127389","0.0983607","0.12","6","61","50","?a"
"?f  <mother>  ?a  ?b  <successor>  ?f   ","?a  <successor>  ?b","0.0127389","0.0190476","0.12","6","315","50","?a"
"?e  <mother>  ?a  ?e  <predecessor>  ?b   ","?a  <successor>  ?b","0.0127389","0.0190476","0.12","6","315","50","?a"
"?a  <predecessor>  ?f  ?b  <successor>  ?f   ","?a  <parent>  ?b","0.0330912","0.079922","0.119883","41","513","342","?b"
"?f  <successor>  ?a  ?b  <successor>  ?f   ","?a  <parent>  ?b","0.0330912","0.079922","0.119883","41","513","342","?b"
"?e  <predecessor>  ?b  ?e  <successor>  ?a   ","?a  <parent>  ?b","0.0330912","0.079922","0.119883","41","513","342","?b"
"?f  <predecessor>  ?b  ?a  <predecessor>  ?f   ","?a  <parent>  ?b","0.0330912","0.079922","0.119883","41","513","342","?b"
"?b  <child>  ?f  ?f  <predecessor>  ?a   ","?a  <predecessor>  ?b","0.0849257","0.0806452","0.117994","40","496","339","?b"
"?b  <child>  ?f  ?a  <successor>  ?f   ","?a  <predecessor>  ?b","0.0849257","0.0806452","0.117994","40","496","339","?b"
"?a  <child>  ?f  ?b  <successor>  ?f   ","?a  <successor>  ?b","0.0849257","0.0806452","0.117994","40","496","339","?a"
"?a  <child>  ?f  ?f  <predecessor>  ?b   ","?a  <successor>  ?b","0.0849257","0.0806452","0.117994","40","496","339","?a"
"?d  <predecessor>  ?a  ?a  <successor>  ?d   ","?a  <gender>  <female>","0.0343184","0.0906801","0.117647","36","397","306","?a"
"?f  <parent>  ?b  ?a  <successor>  ?f   ","?a  <predecessor>  ?b","0.089172","0.061674","0.117647","42","681","357","?b"
"?e  <parent>  ?b  ?e  <predecessor>  ?a   ","?a  <predecessor>  ?b","0.089172","0.061674","0.117647","42","681","357","?b"
"?f  <parent>  ?a  ?b  <successor>  ?f   ","?a  <successor>  ?b","0.089172","0.061674","0.117647","42","681","357","?a"
"?e  <parent>  ?a  ?e  <predecessor>  ?b   ","?a  <successor>  ?b","0.089172","0.061674","0.117647","42","681","357","?a"
"?a  <successor>  ?d  ?d  <type>  <Person>   ","?a  <gender>  <female>","0.0324118","0.0897098","0.116838","34","379","291","?a"
"?c  <predecessor>  ?a  ?c  <type>  <Person>   ","?a  <gender>  <female>","0.0324118","0.0897098","0.116838","34","379","291","?a"
"?f  <father>  ?b  ?a  <successor>  ?f   ","?a  <predecessor>  ?b","0.0721868","0.0982659","0.114865","34","346","296","?b"
"?e  <father>  ?b  ?e  <predecessor>  ?a   ","?a  <predecessor>  ?b","0.0721868","0.0982659","0.114865","34","346","296","?b"
"?f  <father>  ?a  ?b  <successor>  ?f   ","?a  <successor>  ?b","0.0721868","0.0982659","0.114865","34","346","296","?a"
"?e  <father>  ?a  ?e  <predecessor>  ?b   ","?a  <successor>  ?b","0.0721868","0.0982659","0.114865","34","346","296","?a"
"?a  <predecessor>  ?c  ?c  <successor>  ?a   ","?a  <gender>  <female>","0.0305052","0.0857909","0.114286","32","373","280","?a"
"?b  <gender>  <female>  ?b  <spouse>  ?a   ","?a  <predecessor>  ?b","0.0106157","0.0102041","0.111111","5","490","45","?b"
"?a  <gender>  <female>  ?a  <spouse>  ?b   ","?a  <successor>  ?b","0.0106157","0.0102041","0.111111","5","490","45","?a"
"?b  <gender>  <female>  ?a  <spouse>  ?b   ","?a  <predecessor>  ?b","0.0106157","0.010142","0.108696","5","493","46","?b"
"?a  <gender>  <female>  ?b  <spouse>  ?a   ","?a  <successor>  ?b","0.0106157","0.010142","0.108696","5","493","46","?a"
"?a  <parent>  ?f  ?b  <predecessor>  ?f   ","?a  <predecessor>  ?b","0.0849257","0.0845666","0.106952","40","473","374","?b"
"?a  <parent>  ?f  ?f  <successor>  ?b   ","?a  <predecessor>  ?b","0.0849257","0.0845666","0.106952","40","473","374","?b"
"?b  <parent>  ?f  ?f  <successor>  ?a   ","?a  <successor>  ?b","0.0849257","0.0845666","0.106952","40","473","374","?a"
"?b  <parent>  ?f  ?a  <predecessor>  ?f   ","?a  <successor>  ?b","0.0849257","0.0845666","0.106952","40","473","374","?a"
"?d  <parent>  ?a  ?a  <successor>  ?d   ","?a  <gender>  <female>","0.0190658","0.104712","0.106383","20","191","188","?a"
"?c  <parent>  ?a  ?c  <predecessor>  ?a   ","?a  <gender>  <female>","0.0190658","0.104712","0.106383","20","191","188","?a"
"?a  <parent>  ?d  ?d  <successor>  ?a   ","?a  <gender>  <female>","0.0181125","0.103825","0.103825","19","183","183","?a"
"?a  <parent>  ?d  ?a  <predecessor>  ?d   ","?a  <gender>  <female>","0.0181125","0.103825","0.103825","19","183","183","?a"
"?a  <father>  ?f  ?b  <predecessor>  ?f   ","?a  <predecessor>  ?b","0.0721868","0.0805687","0.101493","34","422","335","?b"
"?a  <father>  ?f  ?f  <successor>  ?b   ","?a  <predecessor>  ?b","0.0721868","0.0805687","0.101493","34","422","335","?b"
"?b  <father>  ?f  ?f  <successor>  ?a   ","?a  <successor>  ?b","0.0721868","0.0805687","0.101493","34","422","335","?a"
"?b  <father>  ?f  ?a  <predecessor>  ?f   ","?a  <successor>  ?b","0.0721868","0.0805687","0.101493","34","422","335","?a"
"?f  <parent>  ?a  ?b  <successor>  ?f   ","?a  <child>  ?b","0.0221402","0.061674","0.101449","42","681","414","?b"
"?e  <parent>  ?a  ?e  <predecessor>  ?b   ","?a  <child>  ?b","0.0221402","0.061674","0.101449","42","681","414","?b"
"?f  <successor>  ?a  ?b  <successor>  ?f   ","?a  <father>  ?b","0.0516717","0.0662768","0.100592","34","513","338","?a"
"?f  <predecessor>  ?b  ?a  <predecessor>  ?f   ","?a  <father>  ?b","0.0516717","0.0662768","0.100592","34","513","338","?a"
"?a  <predecessor>  ?f  ?b  <successor>  ?f   ","?a  <father>  ?b","0.0516717","0.0662768","0.100592","34","513","338","?a"
"?e  <predecessor>  ?b  ?e  <successor>  ?a   ","?a  <father>  ?b","0.0516717","0.0662768","0.100592","34","513","338","?a"
